date,equal_weight_universe,sp500
1927-12-31,,
1928-01-31,,-0.005096271425001131
1928-02-29,,-0.017643680781263882
1928-03-31,,0.11703362867768252
1928-04-30,,0.024377556878410367
1928-05-31,,0.012658227848101333
1928-06-30,,-0.04300003051757795
1928-07-31,,0.015151563467874718
1928-08-31,,0.07411222395472783
1928-09-30,,0.012937160496298228
1928-10-31,,0.0255440364767352
1928-11-30,,0.11992621516933344
1928-12-31,,0.0028830186509309907
1929-01-31,,0.05708416295164498
1929-02-28,,-0.005827491059210543
1929-03-31,,-0.0023446450013527853
1929-04-30,,0.01605953138992966
1929-05-31,,-0.04279107893209966
1929-06-30,,0.10390656188616587
1929-07-31,,0.053630037268799224
1929-08-31,,0.09799168995650809
1929-09-30,,-0.04888045669542551
1929-10-31,,-0.19927056562626344
1929-11-30,,-0.13374739516591783
1929-12-31,,0.025334640760641847
1930-01-31,,0.062470867362536264
1930-02-28,,0.021500647276600837
1930-03-31,,0.03737108703711689
1930-04-30,,0.031055901111672224
1930-05-31,,-0.01646585757804586
1930-06-30,,-0.16455699160104587
1930-07-31,,0.03665689313589393
1930-08-31,,0.00754369456233861
1930-09-30,,-0.1300889367089625
1930-10-31,,-0.08875737520102056
1930-11-30,,-0.03305793126541767
1930-12-31,,-0.06349200619434203
1931-01-31,,0.055410715320385995
1931-02-28,,0.11365040715824737
1931-03-31,,-0.07432058244902917
1931-04-30,,-0.09586580768555197
1931-05-31,,-0.13717691675895838
1931-06-30,,0.1390168511755392
1931-07-31,,-0.0741739977834629
1931-08-31,,0.009468326203581512
1931-09-30,,-0.2994227793166614
1931-10-31,,0.07415038766222382
1931-11-30,,-0.08916589433983779
1931-12-31,,-0.1452631699411493
1932-01-31,,-0.022167466856587215
1932-02-29,,0.04408059220532201
1932-03-31,,-0.11821471937068995
1932-04-30,,-0.20246238449500364
1932-05-31,,-0.23327618375848447
1932-06-30,,-0.008948537747316632
1932-07-31,,0.36117391500436535
1932-08-31,,0.39137645960204903
1932-09-30,,-0.036948797012078205
1932-10-31,,-0.13861384853149494
1932-11-30,,-0.05890802373059578
1932-12-31,,0.05648853050148861
1933-01-31,,0.0028901706222559387
1933-02-28,,-0.18443806905687588
1933-03-31,,0.033568915608245486
1933-04-30,,0.338461547239606
1933-05-31,,0.23116225252273037
1933-06-30,,0.1317426824542629
1933-07-31,,-0.0879926720049119
1933-08-31,,0.11457290102269346
1933-09-30,,-0.12353470394131494
1933-10-31,,-0.07818932181101179
1933-11-30,,0.10267857950636916
1933-12-31,,0.009109327079495078
1934-01-31,,0.12036106089521215
1934-02-28,,-0.03670544714518387
1934-03-31,,-0.013011184046908042
1934-04-30,,-0.015065899165373375
1934-05-31,,-0.08126198645983063
1934-06-30,,0.020811734660207692
1934-07-31,,-0.11518858981711133
1934-08-31,,0.05414738442742162
1934-09-30,,-0.007650240190442692
1934-10-31,,-0.029735628453524843
1934-11-30,,0.08286033001892745
1934-12-31,,-0.004192868135531769
1935-01-31,,-0.04210522300318653
1935-02-28,,-0.03956050497367358
1935-03-31,,-0.03318077453632773
1935-04-30,,0.09822484525928488
1935-05-31,,0.03232760769043841
1935-06-30,,0.06889351280462064
1935-07-31,,0.08203126673470296
1935-08-31,,0.014440419540958871
1935-09-30,,0.031138824608259563
1935-10-31,,0.07506470009535104
1935-11-30,,0.038523237621732154
1935-12-31,,0.03786713606508196
1936-01-31,,0.06552495118721446
1936-02-29,,0.02026554530742608
1936-03-31,,0.021917786744057643
1936-04-30,,-0.07707772202746033
1936-05-31,,0.04575157151947651
1936-06-30,,0.030555593452336938
1936-07-31,,0.06805931391487952
1936-08-31,,0.008832768850410178
1936-09-30,,0.0012508103846129437
1936-10-31,,0.07620232953861117
1936-11-30,,0.0029019817607429665
1936-12-31,,-0.005787058882874341
1937-01-31,,0.03434226671172658
1937-02-28,,0.01631958360766461
1937-03-31,,-0.007751904417962363
1937-04-30,,-0.08314730830215
1937-05-31,,-0.010346930805618548
1937-06-30,,-0.05289056569777828
1937-07-31,,0.08896109566034838
1937-08-31,,-0.04353008481275111
1937-09-30,,-0.14214467309901324
1937-10-31,,-0.10247091743883541
1937-11-30,,-0.10040491388591477
1937-12-31,,-0.05040499399167997
1938-01-31,,0.013270084086954403
1938-02-28,,0.06080454609159891
1938-03-31,,-0.25044092719344246
1938-04-30,,0.15058820387896366
1938-05-31,,-0.05214716657794638
1938-06-30,,0.24703342489429336
1938-07-31,,0.06660895122310806
1938-08-31,,-0.02189777013463301
1938-09-30,,0.01492531884233439
1938-10-31,,0.07598041851032011
1938-11-30,,-0.033409303835131965
1938-12-31,,0.03220744821915367
1939-01-31,,-0.06392695058145459
1939-02-28,,0.03252029368516429
1939-03-31,,-0.1354330939260332
1939-04-30,,-0.004553664767308785
1939-05-31,,0.06129918184692795
1939-06-30,,-0.06379316383252776
1939-07-31,,0.10865564847879727
1939-08-31,,-0.07142854313970348
1939-09-30,,0.1440071209955065
1939-10-31,,0.0031274403418555252
1939-11-30,,-0.04910367250095349
1939-12-31,,0.02131149450382641
1940-01-31,,-0.03290528460328024
1940-02-29,,0.006638997712843597
1940-03-31,,0.004122027226968861
1940-04-30,,0.0008209585350562598
1940-05-31,,-0.23954054332525354
1940-06-30,,0.0765910517165107
1940-07-31,,0.03106216771902126
1940-08-31,,0.020408167048151737
1940-09-30,,0.015238080705915147
1940-10-31,,0.03939963248647782
1940-11-30,,-0.04602890184057418
1940-12-31,,0.0009460954749822559
1941-01-31,,-0.04820418077122146
1941-02-28,,-0.014895692460385468
1941-03-31,,0.004032254188043538
1941-04-30,,-0.06526100562658266
1941-05-31,,0.007518763874244883
1941-06-30,,0.05010663766466528
1941-07-31,,0.05482232902943829
1941-08-31,,-0.010587161377935472
1941-09-30,,-0.0077820939478694395
1941-10-31,,-0.0686274335641942
1941-11-30,,-0.04000001204641246
1941-12-31,,-0.04714915686091825
1942-01-31,,0.018412060852984302
1942-02-28,,-0.029378555669469675
1942-03-31,,-0.06752036244508319
1942-04-30,,-0.043695427149642585
1942-05-31,,0.06396863980143652
1942-06-30,,0.01840497904607763
1942-07-31,,0.03132532806108479
1942-08-31,,0.00700928306088433
1942-09-30,,0.02668219245524117
1942-10-31,,0.057627034262661025
1942-11-30,,-0.007478600148695724
1942-12-31,,0.051668514303728985
1943-01-31,,0.06857718436309979
1943-02-28,,0.050766351336007265
1943-03-31,,0.05560616607372837
1943-04-30,,0.0008635776293368647
1943-05-31,,0.0396893901717732
1943-06-30,,0.02489628099471175
1943-07-31,,-0.04048582870897832
1943-08-31,,-0.0042194252426398515
1943-09-30,,0.023728790546210687
1943-10-31,,-0.01407285408672354
1943-11-30,,-0.07472706977757204
1943-12-31,,0.05898362899543641
1944-01-31,,0.0154241905740371
1944-02-29,,-0.0025317034328894428
1944-03-31,,0.016920538756615144
1944-04-30,,-0.012479248460236514
1944-05-31,,0.040438121359597456
1944-06-30,,0.051012076219193236
1944-07-31,,-0.020801195193481226
1944-08-31,,0.00865457563706551
1944-09-30,,-0.006240243807365653
1944-10-31,,0.003139714487570666
1944-11-30,,0.00391237807351974
1944-12-31,,0.03507403054879754
1945-01-31,,0.014307269418529334
1945-02-28,,0.06161840439882438
1945-03-31,,-0.0482517849548475
1945-04-30,,0.0903747631843026
1945-05-31,,0.011455530629782329
1945-06-30,,-0.009327137987204637
1945-07-31,,-0.01412239675609639
1945-08-31,,0.05798092703389579
1945-09-30,,0.03481618312120682
1945-10-31,,0.03738320311469456
1945-11-30,,0.03243248816212341
1945-12-31,,0.00988947475348434
1946-01-31,,0.06970040564118118
1946-02-28,,-0.06946682979958563
1946-03-31,,0.04398149297929055
1946-04-30,,0.039911268116110676
1946-05-31,,0.022388063495187627
1946-06-30,,-0.03910323191171228
1946-07-31,,-0.02550196488988299
1946-08-31,,-0.07293984035193768
1946-09-30,,-0.1015014786248073
1946-10-31,,-0.00802138270408359
1946-11-30,,-0.010781660765967649
1946-12-31,,0.04223432375137537
1947-01-31,,0.023529389031984982
1947-02-28,,-0.014687071805708718
1947-03-31,,-0.01685030613995664
1947-04-30,,-0.03889256095060123
1947-05-31,,-0.008916331626967255
1947-06-30,,0.052595172243153465
1947-07-31,,0.036160433225210564
1947-08-31,,-0.027918815207329084
1947-09-30,,-0.013707574564634117
1947-10-31,,0.021178071195860237
1947-11-30,,-0.02916401516780953
1947-12-31,,0.02136185969807869
1948-01-31,,-0.040522867832023524
1948-02-29,,-0.051089917194045986
1948-03-31,,0.08255560612608082
1948-04-30,,0.026525173776789313
1948-05-31,,0.07816544105959866
1948-06-30,,0.002995760063549291
1948-07-31,,-0.053166033561360515
1948-08-31,,0.007570970515519582
1948-09-30,,-0.030056386216952058
1948-10-31,,0.06520337274407373
1948-11-30,,-0.10606060606060608
1948-12-31,,0.03050846164509391
1949-01-31,,0.0013158196062266203
1949-02-28,,-0.03942183777549013
1949-03-31,,0.03009579599875556
1949-04-30,,-0.0232403965283976
1949-05-31,,-0.03535013299899192
1949-06-30,,-0.0021141461492827363
1949-07-31,,0.06214690140704682
1949-08-31,,0.011968105427681452
1949-09-30,,0.023653065069723977
1949-10-31,,0.029525095896911102
1949-11-30,,0.0012467923487260446
1949-12-31,,0.0454546372266722
1950-01-31,,0.015485307168313422
1950-02-28,,0.009970679407681482
1950-03-31,,0.004065133853899949
1950-04-30,,0.038750615006828415
1950-05-31,,0.045657107125455454
1950-06-30,,-0.05804047458651007
1950-07-31,,0.00847934505380521
1950-08-31,,0.032511206207692656
1950-09-30,,0.055917518044481085
1950-10-31,,0.004113106455938542
1950-11-30,,-0.001024088943189061
1950-12-31,,0.047155308329110524
1951-01-31,,0.06020555672359529
1951-02-28,,0.0064634991059413505
1951-03-31,,-0.014678885597399938
1951-04-30,,0.0442272245430666
1951-05-31,,-0.04057065693405826
1951-06-30,,-0.026022368093815973
1951-07-31,,0.06870231855708386
1951-08-31,,0.039285762638462396
1951-09-30,,-0.0008591261672574735
1951-10-31,,-0.013757510390171035
1951-11-30,,-0.0026155785481318805
1951-12-31,,0.038898659512330624
1952-01-31,,0.015565794058027604
1952-02-29,,-0.03645398438344438
1952-03-31,,0.047721435916981525
1952-04-30,,-0.04308580665778139
1952-05-31,,0.023156128756176342
1952-06-30,,0.04610219807135585
1952-07-31,,0.017628227171344157
1952-08-31,,-0.014566887300850317
1952-09-30,,-0.019576498508831364
1952-10-31,,-0.0008150145483905025
1952-11-30,,0.04649263329387443
1952-12-31,,0.0354637510843121
1953-01-31,,-0.0071509422747426665
1953-02-28,,-0.01819558595552173
1953-03-31,,-0.02355207382190505
1953-04-30,,-0.026492686913371477
1953-05-31,,-0.0032493875296125685
1953-06-30,,-0.016299980071549536
1953-07-31,,0.025269288557361547
1953-08-31,,-0.05777779010811235
1953-09-30,,0.0012864788609823208
1953-10-31,,0.050963619469658994
1953-11-30,,0.008964926860100197
1953-12-31,,0.0020193552745697563
1954-01-31,,0.05118905623142167
1954-02-28,,0.0026840373860814726
1954-03-31,,0.03021036049910797
1954-04-30,,0.04899776052919802
1954-05-31,,0.03290871541555451
1954-06-30,,0.0006851164799297482
1954-07-31,,0.05717220570478143
1954-08-31,,-0.03400256689108294
1954-09-30,,0.08313782956513172
1954-10-31,,-0.019498639471925983
1954-11-30,,0.08080812337848275
1954-12-31,,0.050817692128321434
1955-01-31,,0.018065634634482963
1955-02-28,,0.0035489284637537644
1955-03-31,,-0.004896531520597991
1955-04-30,,0.03772545610553846
1955-05-31,,-0.0013171559079673267
1955-06-30,,0.08230015680408287
1955-07-31,,0.06068734468798498
1955-08-31,,-0.007812503423979988
1955-09-30,,0.011347796672219967
1955-10-31,,-0.030455646258836122
1955-11-30,,0.07487005568070493
1955-12-31,,-0.0006591689827130098
1956-01-31,,-0.03649955725858134
1956-02-29,,0.034687368059092005
1956-03-31,,0.06925450769918484
1956-04-30,,-0.002062674815703658
1956-05-31,,-0.06572964520398816
1956-06-30,,0.039159301501935806
1956-07-31,,0.051522207921055774
1956-08-31,,-0.03806440759967411
1956-09-30,,-0.045464111212841885
1956-10-31,,0.005071739022546096
1956-11-30,,-0.010969723122286945
1956-12-31,,0.03527054732272239
1957-01-31,,-0.04178266605417902
1957-02-28,,-0.03264764891137828
1957-03-31,,0.019648689824272703
1957-04-30,,0.03695309556927806
1957-05-31,,0.036947935389005204
1957-06-30,,-0.0012650510838067008
1957-07-31,,0.01139963959686452
1957-08-31,,-0.056146913698107315
1957-09-30,,-0.06191957045936314
1957-10-31,,-0.032060274737350625
1957-11-30,,0.01607403373935168
1957-12-31,,-0.04146691015382409
1958-01-31,,0.04276066548387836
1958-02-28,,-0.020623515458442876
1958-03-31,,0.030852064564778292
1958-04-30,,0.03182898340035778
1958-05-31,,0.01496320318664246
1958-06-30,,0.026083046538873944
1958-07-31,,0.04310337921959739
1958-08-31,,0.011866950404488152
1958-09-30,,0.048376992110806594
1958-10-31,,0.025369564980501025
1958-11-30,,0.02240400682171595
1958-12-31,,0.05201980880428936
1959-01-31,,0.004347069053552977
1959-02-28,,-0.0007213871050850695
1959-03-31,,0.0005413964876281874
1959-04-30,,0.03878069226435943
1959-05-31,,0.018926899630141936
1959-06-30,,-0.003578716485693856
1959-07-31,,0.03488963670669043
1959-08-31,,-0.015038834451401417
1959-09-30,,-0.04563754153763788
1959-10-31,,0.01125174714539856
1959-11-30,,0.013212766263645426
1959-12-31,,0.027625268429543715
1960-01-31,,-0.07146433165662447
1960-02-29,,0.009170982124360405
1960-03-31,,-0.013898766823634334
1960-04-30,,-0.017528030683566342
1960-05-31,,0.026853097808573256
1960-06-30,,0.01952348741074794
1960-07-31,,-0.02477160739230988
1960-08-31,,0.02612143409806178
1960-09-30,,-0.06039323528793261
1960-10-31,,-0.0024290184417660177
1960-11-30,,0.04026974246970605
1960-12-31,,0.04627295017032895
1961-01-31,,0.06315605111681166
1961-02-28,,0.026869535128064337
1961-03-31,,0.02553592318652309
1961-04-30,,0.0038426069686652298
1961-05-31,,0.019139489308333646
1961-06-30,,-0.02884612739438741
1961-07-31,,0.03279707250309061
1961-08-31,,0.01962249126236637
1961-09-30,,-0.019685564035524905
1961-10-31,,0.02832308249018034
1961-11-30,,0.03934708306867085
1961-12-31,,0.003224948933227223
1962-01-31,,-0.03787570367966053
1962-02-28,,0.016269651455015577
1962-03-31,,-0.005860435078333781
1962-04-30,,-0.061969877769535886
1962-05-31,,-0.08599014376684644
1962-06-30,,-0.0818380174526715
1962-07-31,,0.06356163547463622
1962-08-31,,0.015284207395586336
1962-09-30,,-0.048207011596950955
1962-10-31,,0.004442864723053441
1962-11-30,,0.10155693236518859
1962-12-31,,0.013491811359354955
1963-01-31,,0.049128344676466096
1963-02-28,,-0.028851905147490475
1963-03-31,,0.0354642828873597
1963-04-30,,0.0485204051635999
1963-05-31,,0.01432664693808805
1963-06-30,,-0.020197743552784697
1963-07-31,,-0.003459787857308272
1963-08-31,,0.048748775936272803
1963-09-30,,-0.011034524851831873
1963-10-31,,0.03221764694991269
1963-11-30,,-0.010539099537669627
1963-12-31,,0.024443441268302557
1964-01-31,,0.026926211181690807
1964-02-29,,0.009865032803722196
1964-03-31,,0.015167098443309435
1964-04-30,,0.006077433617846628
1964-05-31,,0.01145234926496741
1964-06-30,,0.016424034462041215
1964-07-31,,0.018239659924582208
1964-08-31,,-0.016229844543978578
1964-09-30,,0.028718054766427636
1964-10-31,,0.008077931844982178
1964-11-30,,-0.0051850393382224524
1964-12-31,,0.003909048071693455
1965-01-31,,0.033156313375737545
1965-02-28,,-0.001484664881711284
1965-03-31,,-0.014525867993062547
1965-04-30,,0.034238588937520076
1965-05-31,,-0.007743266038381047
1965-06-30,,-0.048631480563336105
1965-07-31,,0.013433157590617029
1965-08-31,,0.02252197265625
1965-09-30,,0.032006435403612254
1965-10-31,,0.02734547698430645
1965-11-30,,-0.008764310480866677
1965-12-31,,0.008950984492533287
1966-01-31,,0.004868516139310053
1966-02-28,,-0.017872481500894377
1966-03-31,,-0.021815367651166873
1966-04-30,,0.020508731736117003
1966-05-31,,-0.054140132191454526
1966-06-30,,-0.01613838887697483
1966-07-31,,-0.013452907934705549
1966-08-31,,-0.0777511975913745
1966-09-30,,-0.0070039030637412125
1966-10-31,,0.04754440315730979
1966-11-30,,0.0031172071011591473
1966-12-31,,-0.0014915490582889657
1967-01-31,,0.07817750076122998
1967-02-28,,0.001962800689843114
1967-03-31,,0.039409981759082946
1967-04-30,,0.04223952679482368
1967-05-31,,-0.05244123171098003
1967-06-30,,0.017512320683966465
1967-07-31,,0.045344225927046455
1967-08-31,,-0.011715046019541542
1967-09-30,,0.032785131512544696
1967-10-31,,-0.035260015148344204
1967-11-30,,0.00750264657391142
1967-12-31,,0.026276608730884332
1968-01-31,,-0.043847862583273445
1968-02-29,,-0.031222867737610516
1968-03-31,,0.009400138005295933
1968-04-30,,0.08048783128447701
1968-05-31,,0.012517968727310258
1968-06-30,,0.009120404571296703
1968-07-31,,-0.018477645445386437
1968-08-31,,0.011459001136291391
1968-09-30,,0.03853932364021073
1968-10-31,,0.007207611827813265
1968-11-30,,0.0479644029477011
1968-12-31,,-0.04161670224164249
1969-01-31,,-0.008184079232870345
1969-02-28,,-0.04737408777410501
1969-03-31,,0.03444415548166946
1969-04-30,,0.02147571923257474
1969-05-31,,-0.0022181825780508424
1969-06-30,,-0.055577035094551475
1969-07-31,,-0.060178050440207076
1969-08-31,,0.040074052398976656
1969-09-30,,-0.025023550792507177
1969-10-31,,0.042955325193510197
1969-11-30,,-0.03408160105416358
1969-12-31,,-0.018654728126465958
1970-01-31,,-0.07647187814714618
1970-02-28,,0.05269352545074413
1970-03-31,,0.0014524832784130748
1970-04-30,,-0.09048310675968807
1970-05-31,,-0.06096655785045735
1970-06-30,,-0.05003268031831565
1970-07-31,,0.07329485343211539
1970-08-31,,0.04445859648471129
1970-09-30,,0.03410214086322405
1970-10-31,,-0.012455551764489758
1970-11-30,,0.047447410789696054
1970-12-31,,0.056766109528361586
1971-01-31,,0.04047743533125758
1971-02-28,,0.009073871208846285
1971-03-31,,0.036795840398901936
1971-04-30,,0.036287503521493125
1971-05-31,,-0.04155843984271801
1971-06-30,,-0.00933454111024623
1971-07-31,,-0.031610893755383174
1971-08-31,,0.036095384831027255
1971-09-30,,-0.006967610319212669
1971-10-31,,-0.041793706874213465
1971-11-30,,-0.002547017771557969
1971-12-31,,0.08617936650941704
1972-01-31,,0.018121325985678283
1972-02-29,,0.02530303243835874
1972-03-31,,0.005911581638566643
1972-04-30,,0.004384339870177945
1972-05-31,,0.017275012928234856
1972-06-30,,-0.021820500468225923
1972-07-31,,0.0023333955705076015
1972-08-31,,0.03445383154177417
1972-09-30,,-0.004860863299431473
1972-10-31,,0.009317039808806271
1972-11-30,,0.045617460605507976
1972-12-31,,0.0118282755161625
1973-01-31,,-0.017111429226946084
1973-02-28,,-0.03749029147535643
1973-03-31,,-0.0014326975436259604
1973-04-30,,-0.040799816708442904
1973-05-31,,-0.018883838921280427
1973-06-30,,-0.006574510072182238
1973-07-31,,0.03798195859710751
1973-08-31,,-0.036684542375921225
1973-09-30,,0.040095926188736586
1973-10-31,,-0.0012911499516223834
1973-11-30,,-0.11386094493315979
1973-12-31,,0.016569445419496898
1974-01-31,,-0.010046164287802362
1974-02-28,,-0.003624298179839891
1974-03-31,,-0.023279960874575067
1974-04-30,,-0.039050922188215376
1974-05-31,,-0.03355108915079974
1974-06-30,,-0.014665430765341547
1974-07-31,,-0.07779072606286341
1974-08-31,,-0.09027860614199468
1974-09-30,,-0.11933472527042577
1974-10-31,,0.1630469068473035
1974-11-30,,-0.0531799759679239
1974-12-31,,-0.02015154548392628
1975-01-31,,0.12281222430242678
1975-02-28,,0.059885590801832755
1975-03-31,,0.021693888367524616
1975-04-30,,0.047264904181358425
1975-05-31,,0.04410078281255658
1975-06-30,,0.04432255455728451
1975-07-31,,-0.0676541892660456
1975-08-31,,-0.021070453482614382
1975-09-30,,-0.03464542589770303
1975-10-31,,0.06164299510716309
1975-11-30,,0.02470796187804769
1975-12-31,,-0.011508060575922352
1976-01-31,,0.1183057753643737
1976-02-29,,-0.011401958347409313
1976-03-31,,0.030688973891187965
1976-04-30,,-0.010995400314574244
1976-05-31,,-0.014364414534041692
1976-06-30,,0.04092631724527229
1976-07-31,,-0.008055200879589997
1976-08-31,,-0.005123731310786472
1976-09-30,,0.022641085596599053
1976-10-31,,-0.022234857329811786
1976-11-30,,-0.007774567929006437
1976-12-31,,0.05249755818272761
1977-01-31,,-0.05053043319782036
1977-02-28,,-0.0216602872774031
1977-03-31,,-0.014025260770978432
1977-04-30,,0.00020325414380284457
1977-05-31,,-0.02356765174000386
1977-06-30,,0.045359971762033435
1977-07-31,,-0.01622218181086499
1977-08-31,,-0.021042001650604325
1977-09-30,,-0.0024800854820193896
1977-10-31,,-0.04340622080588785
1977-11-30,,0.02696562261116653
1977-12-31,,0.0028471647986196835
1978-01-31,,-0.061514180525597095
1978-02-28,,-0.02476189450389532
1978-03-31,,0.0249310448773008
1978-04-30,,0.08541646479972109
1978-05-31,,0.004234183878568887
1978-06-30,,-0.01758534679184487
1978-07-31,,0.05390978322711981
1978-08-31,,0.025923724696466754
1978-09-30,,-0.0072611094331712644
1978-10-31,,-0.09157401312473112
1978-11-30,,0.016639778818819284
1978-12-31,,0.014889162698495051
1979-01-31,,0.03974612080496431
1979-02-28,,-0.03652558305546061
1979-03-31,,0.05515161638883992
1979-04-30,,0.0016734501867134988
1979-05-31,,-0.026336480433520215
1979-06-30,,0.03865564957886658
1979-07-31,,0.00874544616128281
1979-08-31,,0.05307776000206954
1979-09-30,,0.0
1979-10-31,,-0.06860592774365959
1979-11-30,,0.042624277944343536
1979-12-31,,0.01676713185657297
1980-01-31,,0.05762461626846438
1980-02-29,,-0.004379817659080465
1980-03-31,,-0.1017948878359558
1980-04-30,,0.04114021675283275
1980-05-31,,0.04657067368148882
1980-06-30,,0.02696871680700652
1980-07-31,,0.06503851929370685
1980-08-31,,0.005835449125977332
1980-09-30,,0.025167526558092623
1980-10-31,,0.016021059707461927
1980-11-30,,0.10237705284997123
1980-12-31,,-0.033874250077558954
1981-01-31,,-0.0457424256507718
1981-02-28,,0.01327673624226744
1981-03-31,,0.03603257083561595
1981-04-30,,-0.023455900304457766
1981-05-31,,-0.001656510991245752
1981-06-30,,-0.010407946769277254
1981-07-31,,-0.0022102624044086916
1981-08-31,,-0.06209897164012057
1981-09-30,,-0.053831749825450914
1981-10-31,,0.049147865979290106
1981-11-30,,0.036590361037046826
1981-12-31,,-0.030075152103318792
1982-01-31,,-0.017543871663314947
1982-02-28,,-0.06054817959417069
1982-03-31,,-0.01016710741467064
1982-04-30,,0.04001432112868697
1982-05-31,,-0.03916184380263066
1982-06-30,,-0.020289566489036015
1982-07-31,,-0.02299064189789768
1982-08-31,,0.1159772735368505
1982-09-30,,0.007614392238714407
1982-10-31,,0.11044679666161694
1982-11-30,,0.03597066642749214
1982-12-31,,0.015231362368761436
1983-01-31,,0.033134269641161396
1983-02-28,,0.018995144176650713
1983-03-31,,0.033094753721945036
1983-04-30,,0.07498682961860914
1983-05-31,,-0.01240645488658032
1983-06-30,,0.03232957706590556
1983-07-31,,-0.03030304133589956
1983-08-31,,0.011318875280047935
1983-09-30,,0.01015823290593243
1983-10-31,,-0.01517434913783755
1983-11-30,,0.01742580734666599
1983-12-31,,-0.008834142275375267
1984-01-31,,-0.009215964840669444
1984-02-29,,-0.038859347415754475
1984-03-31,,0.01349799535299634
1984-04-30,,0.005465576177959841
1984-05-31,,-0.05935644997724765
1984-06-30,,0.017469210034617433
1984-07-31,,-0.016451162907453964
1984-08-31,,0.10633206308424414
1984-09-30,,-0.003479641215210494
1984-10-31,,-6.026348740029164e-05
1984-11-30,,-0.015112255778064076
1984-12-31,,0.0223743955320983
1985-01-31,,0.07408514101104169
1985-02-28,,0.008628779996860514
1985-03-31,,-0.0028700134379764375
1985-04-30,,-0.004594275513283841
1985-05-31,,0.05405105444993996
1985-06-30,,0.012134017487352766
1985-07-31,,-0.0048475783423664875
1985-08-31,,-0.011994517641396585
1985-09-30,,-0.03472407826012114
1985-10-31,,0.04250881708769816
1985-11-30,,0.06506158659888994
1985-12-31,,0.045061090630958534
1986-01-31,,0.0023665278440403448
1986-02-28,,0.07148927885973944
1986-03-31,,0.052793917786919
1986-04-30,,-0.014148136083619978
1986-05-31,,0.05022928675463634
1986-06-30,,0.014109521521153745
1986-07-31,,-0.05868283142882358
1986-08-31,,0.07119260505765657
1986-09-30,,-0.08543860347658849
1986-10-31,,0.05472932734943248
1986-11-30,,0.02147719315076868
1986-12-31,,-0.028288271475909732
1987-01-31,,0.13176689368870087
1987-02-28,,0.036923621317010324
1987-03-31,,0.02638986515783981
1987-04-30,,-0.011450211572491154
1987-05-31,,0.006034196283620119
1987-06-30,,0.04791449018971927
1987-07-31,,0.048223696256938675
1987-08-31,,0.03495884015199979
1987-09-30,,-0.024166165905701198
1987-10-31,,-0.21763041421998008
1987-11-30,,-0.0853488653536516
1987-12-31,,0.07286147875354443
1988-01-31,,0.04043227059709542
1988-02-29,,0.04181740262854561
1988-03-31,,-0.03334326201018556
1988-04-30,,0.009424743272317793
1988-05-31,,0.003176126477985486
1988-06-30,,0.043256012280601164
1988-07-31,,-0.005411374721492224
1988-08-31,,-0.03860010449258666
1988-09-30,,0.03972933268934309
1988-10-31,,0.0259644642106176
1988-11-30,,-0.018890880706211144
1988-12-31,,0.014687573381001906
1989-01-31,,0.07111479156412925
1989-02-28,,-0.02894414843113058
1989-03-31,,0.020805961609083434
1989-04-30,,0.05008993717851862
1989-05-31,,0.035137494672926595
1989-06-30,,-0.007924554206930945
1989-07-31,,0.08837025792525588
1989-08-31,,0.01551671822445666
1989-09-30,,-0.006544368276168888
1989-10-31,,-0.02517545094824758
1989-11-30,,0.016541324259951473
1989-12-31,,0.021416815142801804
1990-01-31,,-0.06881722621461728
1990-02-28,,0.008539042758088922
1990-03-31,,0.024254986404143253
1990-04-30,,-0.02688714062127162
1990-05-31,,0.09198919079889456
1990-06-30,,-0.008886365681221697
1990-07-31,,-0.005223158411739148
1990-08-31,,-0.09431418479162934
1990-09-30,,-0.051184306456431794
1990-10-31,,-0.006698212301042394
1990-11-30,,0.05993421454178649
1990-12-31,,0.024827757338752088
1991-01-31,,0.0415177499981747
1991-02-28,,0.06728117681278012
1991-03-31,,0.02220283252204225
1991-04-30,,0.0003197993624997064
1991-05-31,,0.0386049724936075
1991-06-30,,-0.04789262897479862
1991-07-31,,0.04485934295776639
1991-08-31,,0.019648784624321847
1991-09-30,,-0.019143735843086596
1991-10-31,,0.011834236654519437
1991-11-30,,-0.0439037086263071
1991-12-31,,0.11158785507428148
1992-01-31,,-0.019923751783923582
1992-02-29,,0.00958954312696414
1992-03-31,,-0.021831862125327728
1992-04-30,,0.027892713957560433
1992-05-31,,0.0009639568254422581
1992-06-30,,-0.017358833150663777
1992-07-31,,0.039373686063305824
1992-08-31,,-0.02399753160189122
1992-09-30,,0.009105593857418715
1992-10-31,,0.002106282691536787
1992-11-30,,0.03026180770368403
1992-12-31,,0.010107766987062838
1993-01-31,,0.007045987892006611
1993-02-28,,0.010483627595407663
1993-03-31,,0.01869729905188877
1993-04-30,,-0.02541681016015651
1993-05-31,,0.02271746278774489
1993-06-30,,0.0007552285391652092
1993-07-31,,-0.00532704570835929
1993-08-31,,0.03443195614588723
1993-09-30,,-0.009987930164805037
1993-10-31,,0.019392922751884534
1993-11-30,,-0.01291062608362914
1993-12-31,,0.010091174724184526
1994-01-31,,0.032500745519977725
1994-02-28,,-0.030044997286678532
1994-03-31,,-0.04574651060635082
1994-04-30,,0.011530643100964522
1994-05-31,,0.012397144202814125
1994-06-30,,-0.026790823628320082
1994-07-31,,0.03148990725890011
1994-08-31,,0.03759869964992624
1994-09-30,,-0.026877534841474704
1994-10-31,,0.020833815622011143
1994-11-30,,-0.0395046118788871
1994-12-31,,0.012299117331742826
1995-01-31,,0.024277711761677034
1995-02-28,,0.03607414807259257
1995-03-31,,0.027329195113380722
1995-04-30,,0.027960357804911462
1995-05-31,,0.03631171269946476
1995-06-30,,0.021278543431649366
1995-07-31,,0.03177603957520647
1995-08-31,,-0.0003202374774278205
1995-09-30,,0.04009747288732535
1995-10-31,,-0.004979335189770229
1995-11-30,,0.04104900278106194
1995-12-31,,0.01744387340596476
1996-01-31,,0.03261738686923121
1996-02-29,,0.006933701784703983
1996-03-31,,0.007916567590839696
1996-04-30,,0.01343142201418468
1996-05-31,,0.022853405991703157
1996-06-30,,0.0022567099722681228
1996-07-31,,-0.045748016719207696
1996-08-31,,0.01881393514756069
1996-09-30,,0.05420332732833044
1996-10-31,,0.026101002422918018
1996-11-30,,0.07337615178140577
1996-12-31,,-0.021505414489508046
1997-01-31,,0.061317039054128886
1997-02-28,,0.0059275902346540565
1997-03-31,,-0.04261401064074877
1997-04-30,,0.05840557906734034
1997-05-31,,0.05857688480332501
1997-06-30,,0.043452614795275846
1997-07-31,,0.07814580943742477
1997-08-31,,-0.057465631708528364
1997-09-30,,0.053153590615567126
1997-10-31,,-0.03447769737522022
1997-11-30,,0.044586855212639165
1997-12-31,,0.01573159710869443
1998-01-31,,0.010150177442407982
1998-02-28,,0.07044919253631243
1998-03-31,,0.049945714341220526
1998-04-30,,0.009076469253460395
1998-05-31,,-0.018826223261468433
1998-06-30,,0.03943824063504042
1998-07-31,,-0.011615326917385427
1998-08-31,,-0.14579671825011387
1998-09-30,,0.06239551504341101
1998-10-31,,0.08029422856762891
1998-11-30,,0.05912599628568138
1998-12-31,,0.056375287084956094
1999-01-31,,0.04100944085374847
1999-02-28,,-0.032282562377591306
1999-03-31,,0.0387942154089167
1999-04-30,,0.03794402759627746
1999-05-31,,-0.024970480796175143
1999-06-30,,0.054438331114324834
1999-07-31,,-0.032046092391091685
1999-08-31,,-0.006254091687235008
1999-09-30,,-0.028551792448024638
1999-10-31,,0.0625395414523846
1999-11-30,,0.019061858969220413
1999-12-31,,0.05784389473992291
2000-01-31,,-0.05090354879190062
2000-02-29,,-0.020108083256356934
2000-03-31,,0.09671982835364812
2000-04-30,,-0.030795755780191336
2000-05-31,,-0.021915050603417807
2000-06-30,,0.023933549615877237
2000-07-31,,-0.016341275904170893
2000-08-31,,0.06069910494167097
2000-09-30,,-0.053482974719764265
2000-10-31,,-0.00494948542177065
2000-11-30,,-0.08006861010730892
2000-12-31,,0.004053445623728669
2001-01-31,,0.03463657667616449
2001-02-28,,-0.09229073539585964
2001-03-31,,-0.06420471080339152
2001-04-30,,0.07681436165439459
2001-05-31,,0.005090187401275648
2001-06-30,,-0.02503538942756467
2001-07-31,,-0.010740149595403703
2001-08-31,,-0.06410840688075747
2001-09-30,,-0.08172340570563885
2001-10-31,,0.018099111333141016
2001-11-30,,0.0751759041240454
2001-12-31,,0.0075738340889277556
2002-01-31,,-0.015573832456979853
2002-02-28,,-0.020766211039727644
2002-03-31,,0.03673889286207466
2002-04-30,,-0.061417625919219065
2002-05-31,,-0.009081481352177012
2002-06-30,,-0.0724553538081798
2002-07-31,,-0.07900427514940755
2002-08-31,,0.004881433306494154
2002-09-30,,-0.11002431825242787
2002-10-31,,0.08644880033371405
2002-11-30,,0.05706962070498589
2002-12-31,,-0.06033257188502883
2003-01-31,,-0.02741469268304464
2003-02-28,,-0.01700360825687175
2003-03-31,,0.008357567684332823
2003-04-30,,0.0810441071800323
2003-05-31,,0.050898709609522585
2003-06-30,,0.011322214676852127
2003-07-31,,0.016223701958536507
2003-08-31,,0.017873203593487874
2003-09-30,,-0.011944364585525724
2003-10-31,,0.05496148663571665
2003-11-30,,0.0071285040713728876
2003-12-31,,0.05076554077889206
2004-01-31,,0.017276386950755285
2004-02-29,,0.01220897373761054
2004-03-31,,-0.01635891961786684
2004-04-30,,-0.016790751960348183
2004-05-31,,0.01208345009735412
2004-06-30,,0.017988998771432563
2004-07-31,,-0.034290519520026264
2004-08-31,,0.0022873503233691306
2004-09-30,,0.009363875526838816
2004-10-31,,0.014014243690939843
2004-11-30,,0.03859493629597055
2004-12-31,,0.03245821284320516
2005-01-31,,-0.025290467442294018
2005-02-28,,0.018903346132113308
2005-03-31,,-0.01911765556028966
2005-04-30,,-0.020108582083263493
2005-05-31,,0.02995204663120865
2005-06-30,,-0.00014271417986777557
2005-07-31,,0.03596828690361842
2005-08-31,,-0.011222104598600069
2005-09-30,,0.00694902431673361
2005-10-31,,-0.01774077993231349
2005-11-30,,0.035186096519093324
2005-12-31,,-0.0009523493171964548
2006-01-31,,0.025466771341108085
2006-02-28,,0.0004531577283561905
2006-03-31,,0.011095810408889628
2006-04-30,,0.01215565291784415
2006-05-31,,-0.030916916538203165
2006-06-30,,8.659650459597046e-05
2006-07-31,,0.0050858788034533475
2006-08-31,,0.02127419311502643
2006-09-30,,0.024566297967782313
2006-10-31,,0.03150800358539563
2006-11-30,,0.016466656343095964
2006-12-31,,0.012615782814670462
2007-01-31,,0.014059043023177953
2007-02-28,,-0.021846175991944383
2007-03-31,,0.009979982939206433
2007-04-30,,0.043290690426759815
2007-05-31,,0.032549228707361655
2007-06-30,,-0.01781632254788501
2007-07-31,,-0.03198187836198829
2007-08-31,,0.012863572018857905
2007-09-30,,0.03579400817860079
2007-10-31,,0.014822338223554832
2007-11-30,,-0.04404341737941575
2007-12-31,,-0.008628508561297932
2008-01-31,,-0.06116343227776988
2008-02-29,,-0.03476119273728817
2008-03-31,,-0.005959623397817415
2008-04-30,,0.047546697641229096
2008-05-31,,0.01067418170406853
2008-06-30,,-0.08596238482631446
2008-07-31,,-0.009859371185302779
2008-08-31,,0.012190464669121548
2008-09-30,,-0.09079143354379215
2008-10-31,,-0.16942452401777075
2008-11-30,,-0.0748490423387097
2008-12-31,,0.007821576633499472
2009-01-31,,-0.08565734305805428
2009-02-28,,-0.10993119762019943
2009-03-31,,0.08540446199532292
2009-04-30,,0.09392507914826331
2009-05-31,,0.05308144638516654
2009-06-30,,0.00019582726560973818
2009-07-31,,0.07414172714778422
2009-08-31,,0.03356018886854417
2009-09-30,,0.03572334572311964
2009-10-31,,-0.019762000526814205
2009-11-30,,0.05736406145372763
2009-12-31,,0.017770570919338313
2010-01-31,,-0.03697424569226215
2010-02-28,,0.028513689046546054
2010-03-31,,0.058796425545497355
2010-04-30,,0.014759230482012997
2010-05-31,,-0.08197584207319053
2010-06-30,,-0.05388244223983851
2010-07-31,,0.06877784957463517
2010-08-31,,-0.04744918363260475
2010-09-30,,0.08755110305113556
2010-10-31,,0.03685599403554063
2010-11-30,,-0.002290249746576656
2010-12-31,,0.06530004034715509
2011-01-31,,0.022645574359139164
2011-02-28,,0.03195656372809341
2011-03-31,,-0.0010473129391664893
2011-04-30,,0.028495380666536008
2011-05-31,,-0.01350095289522324
2011-06-30,,-0.018257461652479323
2011-07-31,,-0.02147442530666621
2011-08-31,,-0.05679110795232889
2011-09-30,,-0.07176198808089651
2011-10-31,,0.10772303843744147
2011-11-30,,-0.005058715107011391
2011-12-31,,0.008532763666636134
2012-01-31,,0.043583062704985354
2012-02-29,,0.04058946376811723
2012-03-31,,0.03133231453144192
2012-04-30,,-0.007497452372495994
2012-05-31,,-0.06265072571454366
2012-06-30,,0.03955498222833631
2012-07-31,,0.012597574204787909
2012-08-31,,0.019763369506085704
2012-09-30,,0.024236153617775313
2012-10-31,,-0.01978940971629395
2012-11-30,,0.0028467166850427716
2012-12-31,,0.007068230956284616
2013-01-31,,0.050428096466868855
2013-02-28,,0.011060648765041536
2013-03-31,,0.03598772398287298
2013-04-30,,0.018085767779890016
2013-05-31,,0.020762811683057825
2013-06-30,,-0.014999301595580827
2013-07-31,,0.04946207991308538
2013-08-31,,-0.031298019479343964
2013-09-30,,0.029749523259195332
2013-10-31,,0.04459575276194472
2013-11-30,,0.028049471367328715
2013-12-31,,0.023562791975445974
2014-01-31,,-0.035582905955811595
2014-02-28,,0.0431170301781616
2014-03-31,,0.006932165418227054
2014-04-30,,0.006200789153414155
2014-05-31,,0.02103028007328045
2014-06-30,,0.019058331749470137
2014-07-31,,-0.015079830845342368
2014-08-31,,0.037655295579825276
2014-09-30,,-0.015513837249453988
2014-10-31,,0.023201460667203078
2014-11-30,,0.02453358864631494
2014-12-31,,-0.004188587515997044
2015-01-31,,-0.031040805838410623
2015-02-28,,0.0548925108906233
2015-03-31,,-0.017396107114219572
2015-04-30,,0.008520819822535275
2015-05-31,,0.010491382304589791
2015-06-30,,-0.021011671979729973
2015-07-31,,0.019742029435184882
2015-08-31,,-0.0625808182558657
2015-09-30,,-0.026442831280001355
2015-10-31,,0.08298311781266654
2015-11-30,,0.0005048691103348713
2015-12-31,,-0.017530185032692547
2016-01-31,,-0.0507353220469523
2016-02-29,,-0.0041283603090035426
2016-03-31,,0.06599111444005845
2016-04-30,,0.0026993982833325436
2016-05-31,,0.015324602525288444
2016-06-30,,0.0009109212401243738
2016-07-31,,0.035609800753315435
2016-08-31,,-0.0012192428990193127
2016-09-30,,-0.0012344511393173052
2016-10-31,,-0.01942567890903446
2016-11-30,,0.034174521829295035
2016-12-31,,0.01820076244186586
2017-01-31,,0.01788435819838252
2017-02-28,,0.03719816006681631
2017-03-31,,-0.0003891971352694146
2017-04-30,,0.009091208748854607
2017-05-31,,0.011576251246328662
2017-06-30,,0.004813775207812565
2017-07-31,,0.019348826001101882
2017-08-31,,0.000546433019853243
2017-09-30,,0.019302978562167672
2017-10-31,,0.02218813506615125
2017-11-30,,0.028082627806563343
2017-12-31,,0.009831630594270502
2018-01-31,,0.05617870412552817
2018-02-28,,-0.0389473718793677
2018-03-31,,-0.02688449860055664
2018-04-30,,0.0027187749953683227
2018-05-31,,0.0216083418545836
2018-06-30,,0.00484243626760783
2018-07-31,,0.03602155617289915
2018-08-31,,0.030263211276748248
2018-09-30,,0.0042942874264617625
2018-10-31,,-0.0694033560936963
2018-11-30,,0.01785935665477978
2018-12-31,,-0.09177689467997252
2019-01-31,,0.07868440166582613
2019-02-28,,0.029728889343927145
2019-03-31,,0.01792425624958849
2019-04-30,,0.03931349831373798
2019-05-31,,-0.0657777313668354
2019-06-30,,0.0689301639982407
2019-07-31,,0.013128152166957952
2019-08-31,,-0.018091627240523933
2019-09-30,,0.017181177931020697
2019-10-31,,0.020431770513684056
2019-11-30,,0.034047037714499906
2019-12-31,,0.02858981890573009
2020-01-31,,-0.0016280928190489652
2020-02-29,,-0.08411048363840312
2020-03-31,,-0.12511928240892822
2020-04-30,,0.1268440381652789
2020-05-31,,0.04528181966555822
2020-06-30,,0.01838839651392421
2020-07-31,,0.055101321480443666
2020-08-31,,0.07006466690171775
2020-09-30,,-0.039227970178423055
2020-10-31,,-0.027665786221379718
2020-11-30,,0.10754563544385909
2020-12-31,,0.03712145909357001
2021-01-31,,-0.011136660755445171
2021-02-28,,0.026091451377448394
2021-03-31,,0.042438632533165155
2021-04-30,,0.05242532134755851
2021-05-31,0.022264318820455063,0.00548648867060697
2021-06-30,-0.0010494055497180176,0.022214009565834747
2021-07-31,0.002456071766773787,0.02274805482838871
2021-08-31,0.02522426937650569,0.028990416255438634
2021-09-30,-0.03494354677828695,-0.047569168801901096
2021-10-31,0.055878567718704406,0.0691438364006065
2021-11-30,-0.014626602245517005,-0.008333706184746159
2021-12-31,0.05180984377251588,0.04361291346206486
2022-01-31,-0.023855291556746757,-0.052585165027393854
2022-02-28,-0.012154126274699263,-0.031360491945908286
2022-03-31,0.01687087715291715,0.03577328837154625
2022-04-30,-0.043465561224154625,-0.08795671180434306
2022-05-31,0.014301960598561581,5.317770464463578e-05
2022-06-30,-0.09718708496350713,-0.08391999993382682
2022-07-31,0.08176183729165944,0.09111639173021002
2022-08-31,-0.041962708579119996,-0.04244012827299837
2022-09-30,-0.07616704446293233,-0.09339567201327437
2022-10-31,0.07878062771938361,0.0798634138370089
2022-11-30,0.09118897754932227,0.053752893352493114
2022-12-31,-0.042491032624547426,-0.05897147407473047
2023-01-31,0.08606927255625306,0.0617528578346791
2023-02-28,-0.014452036600570256,-0.02611249393181858
2023-03-31,-0.014084156940064674,0.03505161257710898
2023-04-30,0.010222792332136427,0.014642341662481018
2023-05-31,-0.02575975015194108,0.002482347368192972
2023-06-30,0.04612418260941317,0.06472746490423464
2023-07-31,0.03216854216456122,0.031138932355010862
2023-08-31,-0.03366600291048773,-0.017716390070854016
2023-09-30,-0.02697619053084879,-0.048719367465624885
2023-10-31,-0.04682305745397698,-0.02197968873798295
2023-11-30,0.07914492566952398,0.08917926878197013
2023-12-31,0.06361243756593893,0.04422923115636013
2024-01-31,-0.012622014804998543,0.015895707598991615
2024-02-29,0.03521049431276068,0.05172064062372317
2024-03-31,0.05596138123273653,0.031018779915342964
2024-04-30,-0.017353912596316915,-0.04161507173789869
2024-05-31,0.046811486741860496,0.0480211901511991
2024-06-30,-0.008252270397016058,0.03466980128308328
2024-07-31,0.025840869191051028,0.011321316887868749
2024-08-31,0.014173315931631687,0.022834706936630367
2024-09-30,0.020990567034944924,0.020196884090601275
2024-10-31,-0.010699181489317056,-0.009896743303151712
2024-11-30,0.04594860934868618,0.057301295482098835
2024-12-31,-0.03257522495552381,-0.02499013704848363
2025-01-31,0.04739361725940668,0.0270163042404441
2025-02-28,0.005918269081934376,-0.014242092699825126
2025-03-31,-0.043982791058460986,-0.05754469768137538
2025-04-30,-0.00925014498869285,-0.007624943346289825
2025-05-31,0.07804835400631119,0.06152382614078289
2025-06-30,0.060747420629339875,0.049606839467715824
2025-07-31,0.04784581427317377,0.0216665625306407
2025-08-31,0.04197146857292768,0.019066444295036122
2025-09-30,0.06576218962052102,0.035323687218701494
2025-10-31,0.050191521549783145,0.0226868719049238
2025-11-30,0.04916546281783911,0.0012996181666717899
2025-12-31,0.021535201730976353,-0.0005241344225139777
2026-01-31,0.06504361180694879,0.013662958900920286
2026-02-28,0.07323046045766547,-0.008668344740704326
2026-03-31,-0.03671455469210067,-0.050932690968577
2026-04-30,0.07699005004348106,0.07573388368298972
